SALib/SALib,Wed Jun 05 2013 00:00:00 GMT+1000 (Australian Eastern Standard Time),-30
SALib/SALib,Mon Jul 27 2015 00:00:00 GMT+1000 (Australian Eastern Standard Time),30
SALib/SALib,Mon Jun 06 2016 00:00:00 GMT+1000 (Australian Eastern Standard Time),60
SALib/SALib,Wed Apr 26 2017 00:00:00 GMT+1000 (Australian Eastern Standard Time),90
SALib/SALib,Mon Apr 09 2018 00:00:00 GMT+1000 (Australian Eastern Standard Time),150
SALib/SALib,Wed Sep 05 2018 00:00:00 GMT+1000 (Australian Eastern Standard Time),180
SALib/SALib,Fri Feb 01 2019 00:00:00 GMT+1100 (Australian Eastern Daylight Time),210
SALib/SALib,Thu Oct 24 2019 00:00:00 GMT+1100 (Australian Eastern Daylight Time),270
SALib/SALib,Wed Feb 12 2020 00:00:00 GMT+1100 (Australian Eastern Daylight Time),300
SALib/SALib,Tue Apr 28 2020 00:00:00 GMT+1000 (Australian Eastern Standard Time),330
SALib/SALib,Wed Nov 25 2020 00:00:00 GMT+1100 (Australian Eastern Daylight Time),390
SALib/SALib,Fri Jan 22 2021 00:00:00 GMT+1100 (Australian Eastern Daylight Time),420
SALib/SALib,Fri Apr 23 2021 00:00:00 GMT+1000 (Australian Eastern Standard Time),450
SALib/SALib,Fri Sep 03 2021 00:00:00 GMT+1000 (Australian Eastern Standard Time),510
SALib/SALib,Thu Nov 18 2021 00:00:00 GMT+1100 (Australian Eastern Daylight Time),540
SALib/SALib,Sat Apr 02 2022 00:00:00 GMT+1100 (Australian Eastern Daylight Time),580
